{
	"info": {
		"_postman_id": "c384a204-53ba-45be-9c77-5b92444e8fc4",
		"name": "FroggyBeats API",
		"schema": "https://schema.getpostman.com/json/collection/v2.1.0/collection.json",
		"_exporter_id": "33582006"
	},
	"item": [
		{
			"name": "Get all beats",
			"request": {
				"method": "GET",
				"header": [],
				"url": {
					"raw": "localhost:8080/api/beats/",
					"host": [
						"localhost"
					],
					"port": "8080",
					"path": [
						"api",
						"beats",
						""
					]
				}
			},
			"response": []
		},
		{
			"name": "Get an specified beat",
			"request": {
				"method": "GET",
				"header": [],
				"url": {
					"raw": "localhost:8080/api/beats/2",
					"host": [
						"localhost"
					],
					"port": "8080",
					"path": [
						"api",
						"beats",
						"2"
					]
				}
			},
			"response": []
		},
		{
			"name": "Create a beat",
			"request": {
				"method": "POST",
				"header": [
					{
						"key": "Content-Type",
						"value": "application/json",
						"type": "text"
					}
				],
				"body": {
					"mode": "raw",
					"raw": "{\r\n    \"name\": \"No Do Overs\",\r\n    \"genre\": \"RB\",\r\n    \"price\": 10.99,\r\n    \"description\": \"Beat de R&B lleno de pasión\",\r\n    \"url\": \"https://www.youtube.com/watch?v=W4YNTr-qE8w\"\r\n}",
					"options": {
						"raw": {
							"language": "json"
						}
					}
				},
				"url": {
					"raw": "localhost:8080/api/beats/",
					"host": [
						"localhost"
					],
					"port": "8080",
					"path": [
						"api",
						"beats",
						""
					]
				}
			},
			"response": []
		},
		{
			"name": "Replace a Beat",
			"protocolProfileBehavior": {
				"disabledSystemHeaders": {
					"content-type": true
				}
			},
			"request": {
				"method": "PUT",
				"header": [
					{
						"key": "Content-Type",
						"value": "application/json",
						"type": "text"
					}
				],
				"body": {
					"mode": "raw",
					"raw": "{\r\n    \"name\": \"PORQUE SIN TI\",\r\n    \"genre\": \"POP\",\r\n    \"price\": 12.99,\r\n    \"description\": \"Beat de pop urbano tipo triste\",\r\n    \"url\": \"https://www.youtube.com/watch?v=9g2W9eviPBs\"\r\n}",
					"options": {
						"raw": {
							"language": "json"
						}
					}
				},
				"url": {
					"raw": "localhost:8080/api/beats/3",
					"host": [
						"localhost"
					],
					"port": "8080",
					"path": [
						"api",
						"beats",
						"3"
					]
				}
			},
			"response": []
		},
		{
			"name": "Edit some parts of a beat",
			"request": {
				"method": "PATCH",
				"header": [
					{
						"key": "Content-Type",
						"value": "application/json",
						"type": "text"
					}
				],
				"body": {
					"mode": "raw",
					"raw": "    {\r\n \r\n        \"price\": 12.99,\r\n        \"description\": \"Beat de trap ideal para freestyle\"\r\n    }",
					"options": {
						"raw": {
							"language": "json"
						}
					}
				},
				"url": {
					"raw": "localhost:8080/api/beats/1",
					"host": [
						"localhost"
					],
					"port": "8080",
					"path": [
						"api",
						"beats",
						"1"
					]
				}
			},
			"response": []
		},
		{
			"name": "Delete a beat",
			"request": {
				"method": "DELETE",
				"header": [],
				"url": {
					"raw": "localhost:8080/api/beats/3",
					"host": [
						"localhost"
					],
					"port": "8080",
					"path": [
						"api",
						"beats",
						"3"
					]
				}
			},
			"response": []
		},
		{
			"name": "Get all users",
			"request": {
				"method": "GET",
				"header": [],
				"url": {
					"raw": "localhost:8080/api/users/",
					"host": [
						"localhost"
					],
					"port": "8080",
					"path": [
						"api",
						"users",
						""
					]
				}
			},
			"response": []
		},
		{
			"name": "Get an specified user",
			"request": {
				"method": "GET",
				"header": [],
				"url": {
					"raw": "localhost:8080/api/users/1",
					"host": [
						"localhost"
					],
					"port": "8080",
					"path": [
						"api",
						"users",
						"1"
					]
				}
			},
			"response": []
		},
		{
			"name": "Create a new user",
			"request": {
				"method": "POST",
				"header": [
					{
						"key": "Content-Type",
						"value": "application/json",
						"type": "text"
					}
				],
				"body": {
					"mode": "raw",
					"raw": "{\r\n    \"name\": \"ErmenegildoBeats\",\r\n    \"password\": \"ermenegildoLV565\",\r\n    \"email\": \"elopezvega@gmail.com\"\r\n}",
					"options": {
						"raw": {
							"language": "json"
						}
					}
				},
				"url": {
					"raw": "localhost:8080/api/users/",
					"host": [
						"localhost"
					],
					"port": "8080",
					"path": [
						"api",
						"users",
						""
					]
				}
			},
			"response": []
		},
		{
			"name": "Replace a user",
			"request": {
				"method": "PUT",
				"header": [
					{
						"key": "Content-Type",
						"value": "application/json",
						"type": "text"
					}
				],
				"body": {
					"mode": "raw",
					"raw": "{\r\n    \"name\": \"María\",\r\n    \"password\": \"contraseñademaria\",\r\n    \"email\": \"mariamariamaria@gmail.com\"\r\n}",
					"options": {
						"raw": {
							"language": "json"
						}
					}
				},
				"url": {
					"raw": "localhost:8080/api/users/3",
					"host": [
						"localhost"
					],
					"port": "8080",
					"path": [
						"api",
						"users",
						"3"
					]
				}
			},
			"response": []
		},
		{
			"name": "Edit some parts of an user",
			"request": {
				"method": "PATCH",
				"header": [],
				"body": {
					"mode": "raw",
					"raw": "{\r\n    \"name\": \"Pepe\"\r\n}",
					"options": {
						"raw": {
							"language": "json"
						}
					}
				},
				"url": {
					"raw": "localhost:8080/api/users/1",
					"host": [
						"localhost"
					],
					"port": "8080",
					"path": [
						"api",
						"users",
						"1"
					]
				}
			},
			"response": []
		},
		{
			"name": "Delete a user",
			"request": {
				"method": "DELETE",
				"header": [],
				"url": {
					"raw": "localhost:8080/api/users/3",
					"host": [
						"localhost"
					],
					"port": "8080",
					"path": [
						"api",
						"users",
						"3"
					]
				}
			},
			"response": []
		},
		{
			"name": "Get all licenses",
			"request": {
				"method": "GET",
				"header": [],
				"url": {
					"raw": "localhost:8080/api/licenses/",
					"host": [
						"localhost"
					],
					"port": "8080",
					"path": [
						"api",
						"licenses",
						""
					]
				}
			},
			"response": []
		},
		{
			"name": "Get an specified license",
			"request": {
				"method": "GET",
				"header": [],
				"url": {
					"raw": "localhost:8080/api/licenses/3",
					"host": [
						"localhost"
					],
					"port": "8080",
					"path": [
						"api",
						"licenses",
						"3"
					]
				}
			},
			"response": []
		},
		{
			"name": "Create a license",
			"request": {
				"method": "POST",
				"header": [
					{
						"key": "Content-Type",
						"value": "application/json",
						"type": "text"
					}
				],
				"body": {
					"mode": "raw",
					"raw": "{\r\n    \"userId\": 2,\r\n    \"beatId\": 2,\r\n    \"buyDate\": \"2024-02-03\",\r\n    \"licenseType\": \"PERSONAL\"\r\n}",
					"options": {
						"raw": {
							"language": "json"
						}
					}
				},
				"url": {
					"raw": "localhost:8080/api/licenses/",
					"host": [
						"localhost"
					],
					"port": "8080",
					"path": [
						"api",
						"licenses",
						""
					]
				}
			},
			"response": []
		},
		{
			"name": "Replace a license",
			"request": {
				"method": "PUT",
				"header": [
					{
						"key": "Content-Type",
						"value": "application/json",
						"type": "text"
					}
				],
				"body": {
					"mode": "raw",
					"raw": "{\r\n    \"userId\": 2,\r\n    \"beatId\": 2,\r\n    \"buyDate\": \"2022-02-22\",\r\n    \"licenseType\": \"PERSONAL\"\r\n}",
					"options": {
						"raw": {
							"language": "json"
						}
					}
				},
				"url": {
					"raw": "localhost:8080/api/licenses/4",
					"host": [
						"localhost"
					],
					"port": "8080",
					"path": [
						"api",
						"licenses",
						"4"
					]
				}
			},
			"response": []
		},
		{
			"name": "Edit some parts of a license",
			"request": {
				"method": "PATCH",
				"header": [
					{
						"key": "Content-Type",
						"value": "application/json",
						"type": "text"
					}
				],
				"body": {
					"mode": "raw",
					"raw": "{\r\n    \"buyDate\": \"2023-07-27\"\r\n}",
					"options": {
						"raw": {
							"language": "json"
						}
					}
				},
				"url": {
					"raw": "localhost:8080/api/licenses/4",
					"host": [
						"localhost"
					],
					"port": "8080",
					"path": [
						"api",
						"licenses",
						"4"
					]
				}
			},
			"response": []
		},
		{
			"name": "Delete a license",
			"request": {
				"method": "DELETE",
				"header": [],
				"url": {
					"raw": "localhost:8080/api/licenses/4",
					"host": [
						"localhost"
					],
					"port": "8080",
					"path": [
						"api",
						"licenses",
						"4"
					]
				}
			},
			"response": []
		}
	]
}